<?xml version='1.0' encoding='utf-8' standalone='yes' ?>
<map>
    <int name="AF_CACHE_VERSION" value="1" />
    <string name="prev_event_name">trailer_played</string>
    <long name="prev_event_timestamp" value="1768722994649" />
    <boolean name="didSendRevenueTriggerOnLastBackground" value="false" />
    <int name="appsFlyerInAppEventCount" value="400" />
    <long name="prev_session_dur" value="2" />
    <long name="af_rc_max_age" value="86400" />
    <boolean name="ddl_sent" value="true" />
    <int name="versionCode" value="29" />
    <string name="af_remote_config">eyJmZWF0dXJlcyI6e30sInZlciI6ImRlZmF1bHQudjEuMTYzNzE0OTUyOSJ9</string>
    <string name="savedProperties">{&quot;logLevel&quot;:&quot;0&quot;}</string>
    <string name="AF_INSTALLATION">1768702687922-3156090718211623252</string>
    <int name="appsFlyerCount" value="6" />
    <long name="af_rc_timestamp" value="1768702688340" />
    <long name="AppsFlyerTimePassedSincePrevLaunch" value="1768722746243" />
    <string name="appsFlyerFirstInstall">2026-01-18_074808+0530</string>
</map>
