<?xml version='1.0' encoding='utf-8' standalone='yes' ?>
<map>
    <string name="PERSISTENT_LOGS_WRITING_FILE">0</string>
    <string name="jp_asset_manage">false</string>
    <string name="juspay_android_id">ef2e702a-ac5c-480b-99a1-7621295580af</string>
    <string name="LOG_CHANNEL_NAMES">default</string>
    <string name="TEMP_LOGS_WRITING_FILE">0</string>
    <string name="PERSISTENT_LOGS_READING_FILE">0</string>
    <string name="jp_hash_and_status">{&quot;payments\/in.juspay.hyperapi\/v1-index_bundle.jsa&quot;:{&quot;status&quot;:&quot;loaded&quot;},&quot;payments\/in.juspay.ec\/v1-index_bundle.jsa&quot;:{&quot;status&quot;:&quot;loaded&quot;},&quot;payments\/in.juspay.upiintent\/v1-config.jsa&quot;:{&quot;status&quot;:&quot;loaded&quot;},&quot;payments\/in.juspay.upiintent\/v1-index_bundle.jsa&quot;:{&quot;status&quot;:&quot;loaded&quot;}}</string>
    <string name="PERSISTENT_LOGS_READING_FILEdefault">0</string>
    <string name="juspay_device_id">f70e9d95-503f-4ced-b35c-fd884e5c530d</string>
    <string name="LOGS_READING_FILE">0</string>
    <string name="TEMP_LOGS_READING_FILE">0</string>
    <string name="jos_download_list">{&quot;payments/in.juspay.upiintent/base.html&quot;:&quot;base.html&quot;,&quot;payments/in.juspay.ec/base.html&quot;:&quot;base.html&quot;,&quot;payments/in.juspay.hyperapi/base.html&quot;:&quot;base.html&quot;,&quot;payments/in.juspay.godel/v1-boot_loader.zip&quot;:&quot;https://assets.juspay.in/hyper/bundles/release/in.juspay.godel/android/1.0rc2/common/1.0.1/v1-boot_loader.zip&quot;,&quot;payments/in.juspay.godel/v1-config.zip&quot;:&quot;https://assets.juspay.in/hyper/bundles/config/in.juspay.godel/1.5.0/v1-config.zip&quot;,&quot;payments/in.juspay.upiintent/v1-config.zip&quot;:&quot;https://assets.juspay.in/hyper/bundles/android/release/in.juspay.upiintent/2.0.0/common/2.0.151/v1-config.zip&quot;,&quot;v1-tracker.zip&quot;:&quot;https://assets.juspay.in/hyper/bundles/app/tracker/2.2.9/v1-tracker.zip&quot;,&quot;payments/in.juspay.ec/v1-config.zip&quot;:&quot;https://assets.juspay.in/juspay/payments/in.juspay.ec/release/v1-config.zip&quot;,&quot;payments/in.juspay.godel/v1-acs.zip&quot;:&quot;https://assets.juspay.in/hyper/bundles/acs/in.juspay.godel/1.3.5/v1-acs.zip&quot;,&quot;payments/in.juspay.upiintent/v1-index_bundle.zip&quot;:&quot;https://assets.juspay.in/hyper/bundles/app/in.juspay.upiintent/4.17.5/android/v1-index_bundle.zip&quot;,&quot;payments/in.juspay.godel/v1-index_bundle.zip&quot;:&quot;https://assets.juspay.in/hyper/bundles/app/in.juspay.godel/1.8.1/android/v1-index_bundle.zip&quot;,&quot;payments/in.juspay.ec/v1-index_bundle.zip&quot;:&quot;https://assets.juspay.in/hyper/bundles/app/in.juspay.ec/3.45.0/android/v1-index_bundle.zip&quot;}</string>
    <string name="LOGS_WRITING_FILE">0</string>
    <string name="PERSISTENT_LOGS_WRITING_FILEdefault">0</string>
    <string name="jp_hyper_build_id">jus_2.2.2_1.0.1</string>
    <string name="asset_metadata.json">{&quot;config.json&quot;:{&quot;lastChecked&quot;:1768705076393,&quot;hashInDisk&quot;:&quot;bda3a1c76515dfd03e160813fa29a629&quot;,&quot;zipHashInDisk&quot;:&quot;bda3a1c76515dfd03e160813fa29a629&quot;},&quot;payments\/in.juspay.ec\/v1-config.jsa&quot;:{&quot;lastChecked&quot;:1768705077238,&quot;hashInDisk&quot;:&quot;ac0d44c5afa519f554bcf36920bacd76&quot;,&quot;zipHashInDisk&quot;:&quot;01ec08875f5d676ef172339e7d3f9b8f&quot;},&quot;payments\/in.juspay.godel\/v1-boot_loader.jsa&quot;:{&quot;lastChecked&quot;:1768705077191,&quot;hashInDisk&quot;:&quot;aeda8369b70dbd0a107ddd38f08738f5&quot;,&quot;zipHashInDisk&quot;:&quot;3b52f2f0d550507208f50689c5dff01f&quot;},&quot;sdk_config.json&quot;:{&quot;lastChecked&quot;:1768705077194,&quot;hashInDisk&quot;:&quot;aed6c36ab41c68befb45b6f172d69017&quot;,&quot;zipHashInDisk&quot;:&quot;aed6c36ab41c68befb45b6f172d69017&quot;},&quot;payments\/in.juspay.godel\/v1-config.jsa&quot;:{&quot;lastChecked&quot;:1768705077195,&quot;hashInDisk&quot;:&quot;625c2f3afd30113a2eec6fc8dccce2b7&quot;,&quot;zipHashInDisk&quot;:&quot;fb8f2a0d9c4a9ea40a5f172a6a29a682&quot;},&quot;payments\/in.juspay.upiintent\/v1-config.jsa&quot;:{&quot;lastChecked&quot;:1768705077204,&quot;hashInDisk&quot;:&quot;95383a7e2f3d061845ce80c0ccd9b4fe&quot;,&quot;zipHashInDisk&quot;:&quot;e35465fdb90f3d87fb8a9b19ab2aed74&quot;},&quot;v1-tracker.jsa&quot;:{&quot;lastChecked&quot;:1768705077212,&quot;hashInDisk&quot;:&quot;d87288bc40eac2a474f7b992299f89a6&quot;,&quot;zipHashInDisk&quot;:&quot;c4223532dfd5df4b83cdf7946ded3503&quot;},&quot;payments\/in.juspay.godel\/v1-acs.jsa&quot;:{&quot;lastChecked&quot;:1768705077260,&quot;hashInDisk&quot;:&quot;09eb39d5b071dc149c91b3dcc708c04c&quot;,&quot;zipHashInDisk&quot;:&quot;dfba1bb71eaad58a2564db7d8545e882&quot;},&quot;payments\/in.juspay.upiintent\/v1-index_bundle.jsa&quot;:{&quot;lastChecked&quot;:1768705077325,&quot;hashInDisk&quot;:&quot;45da1839889b8c565d0585c2a34faae0&quot;,&quot;zipHashInDisk&quot;:&quot;307f566672b79f174cd8d051df3ce205&quot;},&quot;payments\/in.juspay.godel\/v1-index_bundle.jsa&quot;:{&quot;lastChecked&quot;:1768705077328,&quot;hashInDisk&quot;:&quot;f3ac65de17663fe8c387cb445701fd68&quot;,&quot;zipHashInDisk&quot;:&quot;49097bca5ee9b0604848bc17227b574f&quot;},&quot;payments\/in.juspay.ec\/v1-index_bundle.jsa&quot;:{&quot;lastChecked&quot;:1768705077396,&quot;hashInDisk&quot;:&quot;cad790e73ef43405abbedc8fd6f33d88&quot;,&quot;zipHashInDisk&quot;:&quot;efb63e522f55737a0395a741a11a071c&quot;},&quot;unified_config.json&quot;:{&quot;lastChecked&quot;:1768705248578,&quot;hashInDisk&quot;:&quot;09d28920095543fc471ce04633dcd05d&quot;,&quot;zipHashInDisk&quot;:&quot;09d28920095543fc471ce04633dcd05d&quot;}}</string>
    <string name="patch_toss">{&quot;ts&quot;:1768705075432,&quot;toss&quot;:45}</string>
</map>
